epoch,train_loss,validation_loss,train_total,train_node,train_edge,train_link_contrastive,train_subgraph,train_explanation,train_importance_alignment,train_temporal_consistency,train_cross_layer_consistency,validation_total,validation_node,validation_edge,validation_link_contrastive,validation_subgraph,validation_explanation,validation_importance_alignment,validation_temporal_consistency,validation_cross_layer_consistency
1,3.8842382431030273,2.93512225151062,3.8842382431030273,0.7171813249588013,0.6971720457077026,1.5599061250686646,0.6939454674720764,2.1603200435638428,0.7036668062210083,0.0,7.522842497564852e-05,2.93512225151062,0.6843062043190002,0.7020503282546997,0.6971169710159302,0.6963419914245605,1.5530589818954468,0.7000852823257446,0.0,3.17576304951217e-05
2,3.8043274879455566,2.929342269897461,3.8043274879455566,0.7193591594696045,0.7104552984237671,1.4947929382324219,0.6948357224464417,1.8488200902938843,0.7081236839294434,0.0,0.00012835687084589154,2.929342269897461,0.6842002272605896,0.7008011937141418,0.6955072283744812,0.6959437131881714,1.5288918018341064,0.69813072681427,0.0,2.572995435912162e-05
3,3.584162712097168,2.9264068603515625,3.584162712097168,0.698093056678772,0.6710309982299805,1.3395932912826538,0.6926246881484985,1.8281822204589844,0.6688047647476196,0.0,0.00012812271597795188,2.9264068603515625,0.6841674447059631,0.6994927525520325,0.6944378614425659,0.6956371068954468,1.5267106294631958,0.6965081095695496,0.0,3.540553370839916e-05
4,3.7095916271209717,2.9145419597625732,3.7095916271209717,0.7132115364074707,0.7095031142234802,1.4118105173110962,0.6926319003105164,1.8243215084075928,0.7012094855308533,0.0,0.00012143037019995973,2.9145419597625732,0.6840601563453674,0.698810875415802,0.6936069130897522,0.6953420042991638,1.4272112846374512,0.695882260799408,0.0,3.0244624213082716e-05
5,3.547513484954834,2.917904853820801,3.547513484954834,0.728293776512146,0.6869950294494629,1.2725554704666138,0.6945468187332153,1.6512022018432617,0.6751203536987305,0.0,0.00012198621698189527,2.917904853820801,0.6840430498123169,0.6981438398361206,0.6901939511299133,0.6950894594192505,1.504340410232544,0.6957511305809021,0.0,2.6666610210668296e-05
6,3.4475626945495605,2.929243803024292,3.4475626945495605,0.7061131000518799,0.6501641273498535,1.2387866973876953,0.6914243102073669,1.6107261180877686,0.6457650661468506,0.0,9.741564281284809e-05,2.929243803024292,0.6840712428092957,0.6971610188484192,0.6896079182624817,0.6949490904808044,1.6345384120941162,0.6958396434783936,0.0,3.345084405736998e-05
7,3.413297414779663,2.9262359142303467,3.413297414779663,0.727042555809021,0.6233176589012146,1.204158902168274,0.6934572458267212,1.6531916856765747,0.6142253875732422,0.0,9.986125951400027e-05,2.9262359142303467,0.6840129494667053,0.6960766315460205,0.6888360381126404,0.6948010325431824,1.6250855922698975,0.6960228085517883,0.0,3.26210429193452e-05
8,3.315638542175293,2.910834789276123,3.315638542175293,0.6960141062736511,0.6807611584663391,1.0789172649383545,0.6932380199432373,1.6670618057250977,0.6701450347900391,0.0,9.669113205745816e-05,2.910834789276123,0.6838222146034241,0.6948958039283752,0.6856536269187927,0.6946386098861694,1.5182400941848755,0.6960380673408508,0.0,2.8590358851943165e-05
9,3.2867465019226074,2.899162769317627,3.2867465019226074,0.7294414043426514,0.6501152515411377,1.0574302673339844,0.6927415728569031,1.570159912109375,0.632366955280304,0.0,9.819955448620021e-05,2.899162769317627,0.6835862398147583,0.693812370300293,0.6848029494285583,0.6945026516914368,1.4245843887329102,0.6957811117172241,0.0,1.4651087440142874e-05
10,3.1677727699279785,2.890794277191162,3.1677727699279785,0.7127898335456848,0.6277239918708801,0.9866188168525696,0.6941216588020325,1.46517014503479,0.6140497326850891,0.0,7.264958549058065e-05,2.890794277191162,0.6835030317306519,0.6927674412727356,0.6805679798126221,0.6943753957748413,1.3958020210266113,0.6951630115509033,0.0,5.546841748582665e-06
11,3.208279609680176,2.889092206954956,3.208279609680176,0.693134605884552,0.6341019868850708,1.0352470874786377,0.6940938234329224,1.5170066356658936,0.6150088906288147,0.0,6.139519973658025e-05,2.889092206954956,0.6835412979125977,0.6917758584022522,0.6798725724220276,0.6941181421279907,1.3978447914123535,0.6943114995956421,0.0,2.6014404284069315e-06
12,3.080780029296875,2.886929512023926,3.080780029296875,0.698087751865387,0.6068161725997925,0.9325270056724548,0.6938697695732117,1.4947795867919922,0.588709831237793,0.0,6.247883720789105e-05,2.886929512023926,0.683548092842102,0.6910803914070129,0.6792919635772705,0.6938513517379761,1.3915786743164062,0.69373619556427,0.0,5.5963810154935345e-06
13,3.106220245361328,2.8878135681152344,3.106220245361328,0.706610918045044,0.6068817973136902,0.9526323080062866,0.694968581199646,1.4512510299682617,0.5864960551261902,0.0,5.809069989481941e-05,2.8878135681152344,0.6834938526153564,0.6906065940856934,0.6807469725608826,0.6938943266868591,1.3907147645950317,0.6937997341156006,0.0,1.7612646843190305e-05
14,3.0434978008270264,2.88895583152771,3.0434978008270264,0.718170702457428,0.6093595027923584,0.8820773959159851,0.6934303641319275,1.4045765399932861,0.5945515632629395,0.0,0.00010294156527379528,2.88895583152771,0.6835018396377563,0.6901329159736633,0.6789530515670776,0.693969190120697,1.4239780902862549,0.6943193078041077,0.0,3.263214966864325e-05
15,3.029021978378296,2.8929150104522705,3.029021978378296,0.6880798935890198,0.6182821393013,0.8917161226272583,0.6915296316146851,1.3941175937652588,0.5950735807418823,0.0,0.00011515247751958668,2.8929150104522705,0.6835639476776123,0.6899300217628479,0.6757118701934814,0.6940444707870483,1.4966363906860352,0.6951712369918823,0.0,5.253943527350202e-05
16,3.009211301803589,2.8976433277130127,3.009211301803589,0.7144284844398499,0.6052486300468445,0.8565303683280945,0.6932586431503296,1.3974158763885498,0.5788189768791199,0.0,0.0001684442104306072,2.8976433277130127,0.6836431622505188,0.6900017261505127,0.6740624904632568,0.6941338777542114,1.558009147644043,0.6963577270507812,0.0,6.47095002932474e-05
17,3.0255367755889893,2.8987362384796143,3.0255367755889893,0.6914362907409668,0.5960904955863953,0.9077256917953491,0.6924451589584351,1.37835693359375,0.5834158062934875,0.0,0.00016146530106198043,2.8987362384796143,0.6836365461349487,0.6901015639305115,0.6726540923118591,0.6942146420478821,1.5812790393829346,0.6972318291664124,0.0,7.753410318400711e-05
18,2.900547981262207,2.897617816925049,2.900547981262207,0.6885696053504944,0.5774393677711487,0.8037853837013245,0.6940507888793945,1.3669922351837158,0.5576767921447754,0.0,0.0001746198977343738,2.897617816925049,0.6835982203483582,0.6904420256614685,0.6738288402557373,0.6942755579948425,1.5547101497650146,0.6983910202980042,0.0,8.972708019427955e-05
19,2.880075216293335,2.888969659805298,2.880075216293335,0.7037671804428101,0.5628378391265869,0.7836925983428955,0.6927807927131653,1.3699240684509277,0.5415971279144287,0.0,0.00021123045007698238,2.888969659805298,0.683524489402771,0.6907002925872803,0.6702256798744202,0.6943339109420776,1.5018309354782104,0.6998371481895447,0.0,0.00010232129716314375
20,2.9089584350585938,2.886854410171509,2.9089584350585938,0.7463375926017761,0.5506466627120972,0.7878574132919312,0.6926137804985046,1.3149807453155518,0.5287487506866455,0.0,0.00023426886764355004,2.886854410171509,0.6834729313850403,0.6912881731987,0.6733274459838867,0.6943570971488953,1.4440655708312988,0.7013784646987915,0.0,0.00011195747356396168
21,2.9061121940612793,2.8788185119628906,2.9061121940612793,0.7313132286071777,0.5595680475234985,0.789147675037384,0.6930158138275146,1.330621600151062,0.5402787327766418,0.0,0.00026302356855012476,2.8788185119628906,0.6834859848022461,0.6923273801803589,0.6676780581474304,0.6943737268447876,1.4095137119293213,0.7028584480285645,0.0,0.00011032328620785847
22,2.7534494400024414,2.881556510925293,2.7534494400024414,0.665489912033081,0.5152775049209595,0.7560425400733948,0.6910755038261414,1.255588412284851,0.5003493428230286,0.0,0.000255375198321417,2.881556510925293,0.6835693717002869,0.6937673687934875,0.6694059371948242,0.6943663954734802,1.4044520854949951,0.704286515712738,0.0,0.00010954197932733223
23,2.7855169773101807,2.872722625732422,2.7855169773101807,0.7130473256111145,0.511711597442627,0.7429017424583435,0.6921590566635132,1.2569215297698975,0.4912431240081787,0.0,0.00026182361762039363,2.872722625732422,0.6836663484573364,0.695415735244751,0.6577556133270264,0.6943458318710327,1.4153690338134766,0.7063353657722473,0.0,0.00011002570681739599
24,2.7812819480895996,2.878998279571533,2.7812819480895996,0.7113771438598633,0.5169596672058105,0.7324402928352356,0.6924290657043457,1.2807060480117798,0.5012149214744568,0.0,0.00025812891544774175,2.878998279571533,0.683792233467102,0.6970854997634888,0.6610580682754517,0.6943272948265076,1.4273250102996826,0.7091586589813232,0.0,0.00011489359894767404
25,2.7891173362731934,2.880690097808838,2.7891173362731934,0.7076365947723389,0.5372589826583862,0.721111536026001,0.6932398080825806,1.2986440658569336,0.5192068815231323,0.0,0.00029842433286830783,2.880690097808838,0.683914065361023,0.6985188722610474,0.6608022451400757,0.6943193674087524,1.4313323497772217,0.7116771936416626,0.0,0.00011719744361471385
26,2.7769572734832764,2.88755202293396,2.7769572734832764,0.7211925983428955,0.49362292885780334,0.7432159185409546,0.6936668157577515,1.25253164768219,0.47788313031196594,0.0,0.00029230143991298974,2.88755202293396,0.6840588450431824,0.6997900605201721,0.6661169528961182,0.6943053007125854,1.4327831268310547,0.7147825360298157,0.0,0.00012018124834867194
27,2.7069718837738037,2.8817670345306396,2.7069718837738037,0.6945539116859436,0.4986414611339569,0.7005068063735962,0.6901490688323975,1.2311450242996216,0.4747195541858673,0.0,0.0002921214036177844,2.8817670345306396,0.6841625571250916,0.7013164758682251,0.6585049629211426,0.6942702531814575,1.4351050853729248,0.7174590826034546,0.0,0.00012373471690807492
28,2.751312017440796,2.884671211242676,2.751312017440796,0.7180378437042236,0.4924834072589874,0.7215930223464966,0.695271909236908,1.2391936779022217,0.46330150961875916,0.0,0.00032003133674152195,2.884671211242676,0.6841399073600769,0.7027366161346436,0.6596755981445312,0.6942033171653748,1.4391311407089233,0.7186582088470459,0.0,0.00012578640598803759
29,2.708418607711792,2.890928030014038,2.708418607711792,0.7160531878471375,0.47232431173324585,0.7024029493331909,0.6959822773933411,1.2164958715438843,0.44726046919822693,0.0,0.0003206129767931998,2.890928030014038,0.6840919852256775,0.7056552171707153,0.6623554825782776,0.6941248178482056,1.4469804763793945,0.7214788198471069,0.0,0.00012576313747558743
30,2.691519021987915,2.9023427963256836,2.691519021987915,0.7248557209968567,0.46152129769325256,0.6927313208580017,0.6924421787261963,1.1996173858642578,0.4345773458480835,0.0,0.00033141509629786015,2.9023427963256836,0.6840596199035645,0.7090319991111755,0.669347882270813,0.6940738558769226,1.458270788192749,0.7248588800430298,0.0,0.0001204990767291747
31,2.657019853591919,2.890599250793457,2.657019853591919,0.697394847869873,0.4716009199619293,0.6763976216316223,0.6925601959228516,1.1905972957611084,0.443406343460083,0.0,0.000327071436913684,2.890599250793457,0.6840134859085083,0.7125435471534729,0.6527862548828125,0.6940146684646606,1.472388505935669,0.728745698928833,0.0,0.00011726612137863412
32,2.672654151916504,2.893958568572998,2.672654151916504,0.7015538215637207,0.48070868849754333,0.6774942874908447,0.6915181875228882,1.2137247323989868,0.4590926468372345,0.0,0.0003290480235591531,2.893958568572998,0.683987557888031,0.7161036729812622,0.6511778831481934,0.6939728856086731,1.4871454238891602,0.7325787544250488,0.0,0.00011269481910858303
33,2.659499406814575,2.899676561355591,2.659499406814575,0.7093030214309692,0.45626264810562134,0.6839202642440796,0.6914563179016113,1.1855047941207886,0.4416562616825104,0.0,0.0003322894626762718,2.899676561355591,0.6838825345039368,0.7197200059890747,0.652578592300415,0.693927526473999,1.4956557750701904,0.7362139225006104,0.0,0.00010908444528467953
