,,n,n,prevalence,prevalence,threshold,threshold,accuracy,accuracy,f1,f1,precision,precision,recall,recall,auroc,auroc,auprc,auprc,brier_score,brier_score,best_epoch,best_epoch,epochs_executed,epochs_executed,parameter_count,parameter_count
,,mean,std,mean,std,mean,std,mean,std,mean,std,mean,std,mean,std,mean,std,mean,std,mean,std,mean,std,mean,std,mean,std
dataset,model,,,,,,,,,,,,,,,,,,,,,,,,,,
cadets,gat,628.0,0.0,0.011146496815286623,0.0,0.14665501356124877,0.20381752555749066,0.20270700636942673,0.4039372639653695,0.01763779527559055,0.009295934329103897,0.008917197452229299,0.004699775715749184,0.8,0.4216370213557839,0.37031285944329423,0.1715875516791772,0.014820038887218537,0.017276392078624463,0.24831854633537093,0.028846030794805702,1.0,0.0,11.0,0.0,4009.0,0.0
cadets,gcn,628.0,0.0,0.011146496815286623,0.0,0.5600426645278931,0.0346622038024407,0.976592356687898,0.01906473571139805,0.2943283604267586,0.22004251037677516,0.2139468051371492,0.16639128162058794,0.5142857142857143,0.35761873058130644,0.7592362548884288,0.322658517643335,0.4393540492839122,0.27142717547709505,0.27207907839340617,0.02743318233595029,3.9,2.766867462592951,13.9,2.766867462592951,961.0,0.0
cadets,rgcn,628.0,0.0,0.011146496815286623,0.0,0.3881079128980637,0.24519379852386317,0.4313694267515923,0.4637276652170053,0.0897467744438552,0.1216294722435233,0.05575393519688918,0.08066832378982587,0.7142857142857143,0.3749527559053243,0.6736139866574649,0.3395384315489504,0.11509540583937503,0.190092233727696,0.2339589799281036,0.026777619133992576,1.2,0.6324555320336759,11.2,0.6324555320336758,15169.0,0.0
cadets,temporal_gat,628.0,0.0,0.011146496815286623,0.0,0.3120014193058014,0.22862480950554293,0.3485668789808917,0.4270449090216839,0.08844594259788323,0.1894980955978296,0.06880530259856107,0.17131549474924168,0.8714285714285713,0.31908315367144674,0.576834598573729,0.2448671951112596,0.08741159393575275,0.17607374207940332,0.2514245016918077,0.03374299062128296,1.0,0.0,11.0,0.0,7585.0,0.0
streamspot,gat,589.0,0.0,0.4957555178268251,0.0,0.4233626071214676,0.136647649430115,0.5341256366723259,0.028105751776488757,0.6682197361896767,0.010681617333311955,0.5184640623834553,0.020809708382876255,0.9482876712328767,0.07717857468819268,0.5787186937871869,0.04287528719449088,0.5701415448029701,0.045275724960290586,0.24688747806900485,0.0025229636748635882,19.1,13.61739084161622,29.1,13.61739084161622,3817.0,0.0
streamspot,gcn,589.0,0.0,0.4957555178268251,0.0,0.41872647881507874,0.14525466569430603,0.5385398981324279,0.04371830374536803,0.6553495696939354,0.024316495764432514,0.5249328860632607,0.03292503994531989,0.8904109589041095,0.11990105941096695,0.5777345371523454,0.08236068107633013,0.5731063074041538,0.09181727907087202,0.24810781886688343,0.0024427755518864796,20.3,19.131416861045892,28.2,15.838069467092396,913.0,0.0
streamspot,rgcn,589.0,0.0,0.4957555178268251,0.0,0.48198784899711605,0.02590060159337476,0.5528013582342954,0.048671378353114,0.6644922210250597,0.036529334923556846,0.5312067187277302,0.03110424313367338,0.8982876712328768,0.10882594382352741,0.6074379641160463,0.045420818177240946,0.6224595368406032,0.06571592076970213,0.2452390539495803,0.0017957157594498448,14.2,5.181162460726786,24.2,5.181162460726786,15193.0,0.0
streamspot,temporal_gat,589.0,0.0,0.4957555178268251,0.0,0.4063283687829971,0.18969341731431766,0.4940577249575552,0.01694015794804273,0.65649931814126,0.015696575712063798,0.49468570963503805,0.009093803476360199,0.976027397260274,0.03702574141604305,0.4924951570499516,0.09901594744849841,0.5092494504606397,0.09107364207531043,0.25180969341525244,0.0027613935561108163,1.2,0.6324555320336759,11.2,0.632455532033676,7249.0,0.0
theia,gat,678.0,0.0,0.14896755162241887,0.0,0.8258332211971282,0.1070282771004408,0.8294985250737463,0.07649167201587231,0.6458229352347,0.13756437054987636,0.5336170212765957,0.24580541244996768,0.9405940594059405,0.09050369109440323,0.9483149441460611,0.0892589960818167,0.820184131656833,0.2928647271901757,0.18036409934776182,0.041246696988733185,47.8,2.4404006956964164,50.0,0.0,3817.0,0.0
theia,gcn,678.0,0.0,0.14896755162241887,0.0,0.8612739260196685,0.1007766961171125,0.8134218289085545,0.06348563406057278,0.6225569124076588,0.12552875171452021,0.47507001272958715,0.1844432587122764,0.9683168316831683,0.0041746239738196505,0.9903117868112634,0.00012621223157287438,0.9767692001286521,0.00012113498185336574,0.19419857864465123,0.020384627973819174,49.6,1.2649110640673518,50.0,0.0,913.0,0.0
theia,rgcn,678.0,0.0,0.14896755162241887,0.0,0.9974665880203247,0.0016597152978734522,0.8510324483775811,0.0,0.0,0.0,0.0,0.0,0.0,0.0,0.9933112548689877,0.0012286291755888837,0.9890389235599842,0.0004558668947450701,0.011323613623862316,0.00230007909786731,49.6,0.8432740427115678,50.0,0.0,13513.0,0.0
theia,temporal_gat,678.0,0.0,0.14896755162241887,0.0,0.8652522633075714,0.13768421688394336,0.8536873156342184,0.09720797225908372,0.6834565189552851,0.20644394480733247,0.586561971670003,0.2855668368001508,0.901980198019802,0.1056569617539681,0.8686119738490314,0.08622552961694908,0.5283702110041485,0.3218183944487963,0.2073560595787792,0.07996214255647009,42.8,10.737266360153729,46.3,6.272515001532038,7249.0,0.0
trace,gat,514.0,0.0,0.005836575875486381,0.0,0.6106656081676484,0.1034856518270456,0.9571984435797665,0.012338714390687722,0.13729330572808834,0.10829132178176033,0.07731060606060605,0.0617878388470155,0.6333333333333333,0.4567734398020992,0.9649054142204827,0.009366530946611468,0.10280656333593549,0.01986505182800732,0.061453957709912035,0.02213766021087766,37.4,7.890923055426827,45.3,5.143496432929214,4297.0,0.0
trace,gcn,514.0,0.0,0.005836575875486381,0.0,0.583,0.04164666186436126,0.9678988326848248,0.01671718385817155,0.3100031405485178,0.12997468692992564,0.19004945054945055,0.09576423577726259,1.0,0.0,0.9992824527071102,0.002269083774419568,0.9337301587301587,0.20956363859052357,0.08532187846698397,0.03544678758205251,49.2,1.4757295747452432,50.0,0.0,1033.0,0.0
trace,rgcn,514.0,0.0,0.005836575875486381,0.0,0.501,0.12600264547487355,0.9982490272373541,0.0028193339973131104,0.8333333333333334,0.32394177193585005,0.8,0.34960294939005054,0.9,0.31622776601683794,0.998303979125897,0.005363288921355372,0.9440277777777778,0.17699970792331346,0.02600944907855538,0.013397617585051496,47.4,4.115013163202923,49.9,0.3162277660168376,18313.0,0.0
trace,temporal_gat,514.0,0.0,0.005836575875486381,0.0,0.9424560163021087,0.05223331690007433,0.9879377431906615,0.007325562254963944,0.016666666666666666,0.05270462766947299,0.01111111111111111,0.03513641844631532,0.03333333333333333,0.10540925533894598,0.9812785388127854,0.00695157615050058,0.18832395681660388,0.07429765398536464,0.06743395284205515,0.04283080485399744,40.0,6.912147117775907,47.3,4.083843505544473,8089.0,0.0
