node_id,label,probability,prediction
streamspot:g180:n0,0,0.5214414,1
streamspot:g180:n1103,0,0.530848,1
streamspot:g180:n1116,0,0.52937645,1
streamspot:g180:n1190,0,0.52782094,1
streamspot:g180:n1305,0,0.5262384,1
streamspot:g180:n1481,0,0.52454245,1
streamspot:g180:n1606,0,0.52313155,1
streamspot:g180:n1625,0,0.522184,1
streamspot:g180:n1646,0,0.521295,1
streamspot:g180:n2118,0,0.5188693,1
streamspot:g180:n2133,0,0.5554848,1
streamspot:g180:n2134,0,0.5209209,1
streamspot:g180:n2189,0,0.5179714,1
streamspot:g180:n2229,0,0.51718116,1
streamspot:g180:n2268,0,0.5166094,1
streamspot:g180:n2283,0,0.52224946,1
streamspot:g180:n2467,0,0.5481437,1
streamspot:g180:n2544,0,0.54040384,1
streamspot:g180:n2827,0,0.53485817,1
streamspot:g180:n2840,0,0.5317336,1
streamspot:g180:n3123,0,0.52813685,1
streamspot:g180:n3225,0,0.51085514,1
streamspot:g180:n3306,0,0.5362331,1
streamspot:g180:n3310,0,0.5299742,1
streamspot:g180:n3639,0,0.5208112,1
streamspot:g180:n3653,0,0.5245967,1
streamspot:g180:n3694,0,0.5127629,1
streamspot:g180:n3749,0,0.5204349,1
streamspot:g180:n3849,0,0.522853,1
streamspot:g180:n402,0,0.5580931,1
streamspot:g180:n4175,0,0.5187248,1
streamspot:g180:n424,0,0.549968,1
streamspot:g180:n4460,0,0.51534814,1
streamspot:g180:n4469,0,0.5143931,1
streamspot:g180:n4529,0,0.51331985,1
streamspot:g180:n4535,0,0.52180076,1
streamspot:g180:n4546,0,0.5218583,1
streamspot:g180:n4661,0,0.5218583,1
streamspot:g180:n4672,0,0.5218583,1
streamspot:g180:n4677,0,0.5314235,1
streamspot:g180:n4680,0,0.5323633,1
streamspot:g180:n4695,0,0.5248584,1
streamspot:g180:n4711,0,0.5318864,1
streamspot:g180:n4757,0,0.51189107,1
streamspot:g180:n4836,0,0.52178836,1
streamspot:g180:n5012,0,0.5267415,1
streamspot:g180:n5042,0,0.5200412,1
streamspot:g180:n5375,0,0.5147098,1
streamspot:g180:n5571,0,0.5111258,1
streamspot:g180:n5867,0,0.5316889,1
streamspot:g180:n5960,0,0.5218583,1
streamspot:g180:n6074,0,0.51018685,1
streamspot:g180:n6478,0,0.5080042,1
streamspot:g180:n6528,0,0.5072118,1
streamspot:g180:n6667,0,0.52003604,1
streamspot:g180:n789,0,0.5436989,1
streamspot:g180:n848,0,0.54010034,1
streamspot:g180:n875,0,0.5373584,1
streamspot:g180:n954,0,0.5348747,1
streamspot:g180:n964,0,0.5329903,1
streamspot:g191:n0,0,0.52148515,1
streamspot:g191:n1166,0,0.53346837,1
streamspot:g191:n1174,0,0.5318665,1
streamspot:g191:n1197,0,0.530385,1
streamspot:g191:n1282,0,0.528817,1
streamspot:g191:n1371,0,0.52735806,1
streamspot:g191:n1487,0,0.5259072,1
streamspot:g191:n167,0,0.56008726,1
streamspot:g191:n1695,0,0.52421665,1
streamspot:g191:n1701,0,0.52332985,1
streamspot:g191:n1787,0,0.52222556,1
streamspot:g191:n1832,0,0.52132505,1
streamspot:g191:n2283,0,0.5214207,1
streamspot:g191:n2294,0,0.54952663,1
streamspot:g191:n2342,0,0.5418913,1
streamspot:g191:n2404,0,0.53725505,1
streamspot:g191:n2472,0,0.5082031,1
streamspot:g191:n267,0,0.55166787,1
streamspot:g191:n2808,0,0.53241336,1
streamspot:g191:n2849,0,0.5298229,1
streamspot:g191:n3065,0,0.52695066,1
streamspot:g191:n3125,0,0.5250287,1
streamspot:g191:n3153,0,0.5234548,1
streamspot:g191:n322,0,0.54675686,1
streamspot:g191:n3240,0,0.5070603,1
streamspot:g191:n3269,0,0.5217096,1
streamspot:g191:n3347,0,0.5208112,1
streamspot:g191:n3420,0,0.5393086,1
streamspot:g191:n3427,0,0.5330235,1
streamspot:g191:n3602,0,0.50554216,1
streamspot:g191:n4003,0,0.51895714,1
streamspot:g191:n4136,0,0.52533895,1
streamspot:g191:n4446,0,0.516004,1
streamspot:g191:n4484,0,0.5149431,1
streamspot:g191:n4662,0,0.5218583,1
streamspot:g191:n4680,0,0.53272325,1
streamspot:g191:n4693,0,0.51296914,1
streamspot:g191:n4841,0,0.5216425,1
streamspot:g191:n5135,0,0.5259008,1
streamspot:g191:n5307,0,0.51858854,1
streamspot:g191:n5381,0,0.5144834,1
streamspot:g191:n5447,0,0.5114715,1
streamspot:g191:n5474,0,0.5092165,1
streamspot:g191:n5528,0,0.5072133,1
streamspot:g191:n5553,0,0.50560284,1
streamspot:g191:n5905,0,0.5218583,1
streamspot:g191:n5913,0,0.5218583,1
streamspot:g191:n5996,0,0.5250281,1
streamspot:g191:n6190,0,0.51111996,1
streamspot:g191:n6318,0,0.50994545,1
streamspot:g191:n6456,0,0.5087872,1
streamspot:g191:n6482,0,0.5080907,1
streamspot:g191:n6519,0,0.5073908,1
streamspot:g191:n6640,0,0.50641745,1
streamspot:g191:n841,0,0.541278,1
streamspot:g191:n884,0,0.5385096,1
streamspot:g191:n968,0,0.5360445,1
streamspot:g321:n0,1,0.52158475,1
streamspot:g321:n1186,1,0.5342132,1
streamspot:g321:n1255,1,0.5321228,1
streamspot:g321:n1327,1,0.5302604,1
streamspot:g321:n1330,1,0.52884984,1
streamspot:g321:n1703,1,0.5261595,1
streamspot:g321:n1789,1,0.5247037,1
streamspot:g321:n2169,1,0.52228594,1
streamspot:g321:n2283,1,0.52178836,1
streamspot:g321:n2298,1,0.50705844,1
streamspot:g321:n2308,1,0.50936663,1
streamspot:g321:n2310,1,0.50795484,1
streamspot:g321:n2373,1,0.52095455,1
streamspot:g321:n2596,1,0.513643,1
streamspot:g321:n2663,1,0.5097755,1
streamspot:g321:n2753,1,0.50678736,1
streamspot:g321:n2757,1,0.5047648,1
streamspot:g321:n2793,1,0.50294787,1
streamspot:g321:n2830,1,0.48963797,1
streamspot:g321:n2878,1,0.501162,1
streamspot:g321:n2931,1,0.4997156,1
streamspot:g321:n3059,1,0.4980639,1
streamspot:g321:n3083,1,0.49701598,1
streamspot:g321:n3254,1,0.49540064,1
streamspot:g321:n3347,1,0.5209209,1
streamspot:g321:n3576,1,0.493834,1
streamspot:g321:n3746,1,0.53810084,1
streamspot:g321:n379,1,0.5584539,1
streamspot:g321:n381,1,0.55040574,1
streamspot:g321:n400,1,0.5456169,1
streamspot:g321:n4192,1,0.53548485,1
streamspot:g321:n4782,1,0.5288901,1
streamspot:g321:n4835,1,0.52170867,1
streamspot:g321:n4907,1,0.5257869,1
streamspot:g321:n5203,1,0.51764524,1
streamspot:g321:n5289,1,0.5134179,1
streamspot:g321:n5382,1,0.5102309,1
streamspot:g321:n5735,1,0.5064477,1
streamspot:g321:n6029,1,0.49037117,1
streamspot:g321:n6144,1,0.5244968,1
streamspot:g321:n6154,1,0.5223182,1
streamspot:g321:n6172,1,0.52047294,1
streamspot:g321:n6354,1,0.4884545,1
streamspot:g321:n6588,1,0.52036065,1
streamspot:g321:n6729,1,0.5209209,1
streamspot:g321:n675,1,0.5410849,1
streamspot:g321:n6771,1,0.5209209,1
streamspot:g321:n6781,1,0.5209209,1
streamspot:g321:n685,1,0.53841305,1
streamspot:g321:n7403,1,0.5082832,1
streamspot:g321:n7611,1,0.49178436,1
streamspot:g321:n7852,1,0.52068466,1
streamspot:g321:n7869,1,0.48661083,1
streamspot:g321:n8090,1,0.49828848,1
streamspot:g321:n8336,1,0.49160275,1
streamspot:g321:n8527,1,0.48755255,1
streamspot:g321:n8825,1,0.48387033,1
streamspot:g321:n9,1,0.55002767,1
streamspot:g333:n0,1,0.52060294,1
streamspot:g333:n1293,1,0.53681344,1
streamspot:g333:n164,1,0.5524588,1
streamspot:g333:n1779,1,0.53265196,1
streamspot:g333:n2283,1,0.5215581,1
streamspot:g333:n2302,1,0.5340536,1
streamspot:g333:n2400,1,0.5469941,1
streamspot:g333:n2431,1,0.5392912,1
streamspot:g333:n2493,1,0.5193938,1
streamspot:g333:n2497,1,0.5131934,1
streamspot:g333:n2581,1,0.5090956,1
streamspot:g333:n2757,1,0.5056781,1
streamspot:g333:n2824,1,0.53310496,1
streamspot:g333:n2922,1,0.52958053,1
streamspot:g333:n2942,1,0.52707106,1
streamspot:g333:n3130,1,0.5002514,1
streamspot:g333:n3165,1,0.49873754,1
streamspot:g333:n3210,1,0.523923,1
streamspot:g333:n3232,1,0.52696943,1
streamspot:g333:n3233,1,0.5221371,1
streamspot:g333:n3284,1,0.5204494,1
streamspot:g333:n3347,1,0.5218909,1
streamspot:g333:n3533,1,0.51218355,1
streamspot:g333:n3558,1,0.52273583,1
streamspot:g333:n3639,1,0.5207389,1
streamspot:g333:n3667,1,0.51256496,1
streamspot:g333:n3769,1,0.53393817,1
streamspot:g333:n3809,1,0.5273409,1
streamspot:g333:n3813,1,0.52355134,1
streamspot:g333:n3821,1,0.5208631,1
streamspot:g333:n3846,1,0.4937957,1
streamspot:g333:n4001,1,0.49516207,1
streamspot:g333:n4452,1,0.5153859,1
streamspot:g333:n4491,1,0.5140986,1
streamspot:g333:n4536,1,0.5218583,1
streamspot:g333:n4663,1,0.5218583,1
streamspot:g333:n4686,1,0.5308194,1
streamspot:g333:n471,1,0.54632235,1
streamspot:g333:n4788,1,0.5120962,1
streamspot:g333:n4838,1,0.5218909,1
streamspot:g333:n5209,1,0.5244811,1
streamspot:g333:n5542,1,0.51619196,1
streamspot:g333:n558,1,0.54258555,1
streamspot:g333:n5699,1,0.5116751,1
streamspot:g333:n6013,1,0.49219614,1
streamspot:g333:n6117,1,0.5098298,1
streamspot:g333:n6183,1,0.50872505,1
streamspot:g333:n63,1,0.561062,1
streamspot:g333:n6346,1,0.48994368,1
streamspot:g333:n6353,1,0.48919213,1
streamspot:g333:n6591,1,0.5215581,1
streamspot:g333:n6706,1,0.50241333,1
streamspot:g333:n6732,1,0.5209209,1
streamspot:g333:n6774,1,0.52068466,1
streamspot:g333:n6834,1,0.5070336,1
streamspot:g333:n6937,1,0.50093454,1
streamspot:g333:n7556,1,0.49464294,1
streamspot:g333:n7557,1,0.49248666,1
streamspot:g333:n7799,1,0.48741427,1
streamspot:g333:n7905,1,0.5299552,1
streamspot:g364:n0,1,0.5224531,1
streamspot:g364:n1086,1,0.5368856,1
streamspot:g364:n1198,1,0.53431255,1
streamspot:g364:n13,1,0.5064573,1
streamspot:g364:n1476,1,0.53139704,1
streamspot:g364:n1754,1,0.52874064,1
streamspot:g364:n2204,1,0.52565485,1
streamspot:g364:n2283,1,0.5223009,1
streamspot:g364:n2330,1,0.50772375,1
streamspot:g364:n2394,1,0.5147309,1
streamspot:g364:n2465,1,0.5468438,1
streamspot:g364:n2504,1,0.53918606,1
streamspot:g364:n2835,1,0.51308614,1
streamspot:g364:n2937,1,0.5091092,1
streamspot:g364:n3014,1,0.532547,1
streamspot:g364:n3128,1,0.52898955,1
streamspot:g364:n3206,1,0.503405,1
streamspot:g364:n3226,1,0.526182,1
streamspot:g364:n3264,1,0.52405757,1
streamspot:g364:n3347,1,0.5209209,1
streamspot:g364:n3392,1,0.5383077,1
streamspot:g364:n3534,1,0.51052403,1
streamspot:g364:n384,1,0.5504472,1
streamspot:g364:n3931,1,0.5209326,1
streamspot:g364:n4176,1,0.51834047,1
streamspot:g364:n4218,1,0.5169029,1
streamspot:g364:n4229,1,0.5157251,1
streamspot:g364:n4276,1,0.51451015,1
streamspot:g364:n4404,1,0.52413154,1
streamspot:g364:n443,1,0.54551375,1
streamspot:g364:n4839,1,0.52183574,1
streamspot:g364:n4841,1,0.53085375,1
streamspot:g364:n5376,1,0.5171975,1
streamspot:g364:n5549,1,0.512602,1
streamspot:g364:n6042,1,0.51062113,1
streamspot:g364:n6135,1,0.5094179,1
streamspot:g364:n6137,1,0.49657106,1
streamspot:g364:n6186,1,0.49504623,1
streamspot:g364:n6391,1,0.50764024,1
streamspot:g364:n6522,1,0.5064221,1
streamspot:g364:n6592,1,0.5216742,1
streamspot:g364:n6602,1,0.518049,1
streamspot:g364:n667,1,0.54122925,1
streamspot:g364:n6775,1,0.52183574,1
streamspot:g364:n6856,1,0.5019887,1
streamspot:g364:n7481,1,0.49575484,1
streamspot:g364:n7524,1,0.49342066,1
streamspot:g364:n7528,1,0.49174345,1
streamspot:g364:n7687,1,0.4986294,1
streamspot:g364:n7814,1,0.4923211,1
streamspot:g364:n7856,1,0.5206406,1
streamspot:g364:n8440,1,0.49506867,1
streamspot:g364:n8479,1,0.4894392,1
streamspot:g364:n8514,1,0.48614815,1
streamspot:g364:n8614,1,0.48342606,1
streamspot:g364:n8676,1,0.48141488,1
streamspot:g364:n95,1,0.55983317,1
streamspot:g371:n0,1,0.5205402,1
streamspot:g371:n1253,1,0.53543305,1
streamspot:g371:n1411,1,0.5326184,1
streamspot:g371:n1771,1,0.52929854,1
streamspot:g371:n187,1,0.559181,1
streamspot:g371:n1994,1,0.5268161,1
streamspot:g371:n2283,1,0.5216128,1
streamspot:g371:n2297,1,0.5058278,1
streamspot:g371:n2332,1,0.5100514,1
streamspot:g371:n2542,1,0.5185397,1
streamspot:g371:n2620,1,0.5456744,1
streamspot:g371:n2693,1,0.5115322,1
streamspot:g371:n3002,1,0.5363326,1
streamspot:g371:n3004,1,0.5063599,1
streamspot:g371:n3085,1,0.50344205,1
streamspot:g371:n3232,1,0.49043155,1
streamspot:g371:n3335,1,0.49867302,1
streamspot:g371:n3597,1,0.5066753,1
streamspot:g371:n3616,1,0.5298301,1
streamspot:g371:n3661,1,0.5115441,1
streamspot:g371:n4015,1,0.49563777,1
streamspot:g371:n4083,1,0.4939332,1
streamspot:g371:n4308,1,0.52437264,1
streamspot:g371:n4377,1,0.52176094,1
streamspot:g371:n4399,1,0.5197746,1
streamspot:g371:n4706,1,0.51486164,1
streamspot:g371:n4808,1,0.5164714,1
streamspot:g371:n4834,1,0.5226205,1
streamspot:g371:n5157,1,0.5232277,1
streamspot:g371:n522,1,0.5494001,1
streamspot:g371:n5464,1,0.514992,1
streamspot:g371:n5471,1,0.5111501,1
streamspot:g371:n6081,1,0.5126676,1
streamspot:g371:n6147,1,0.5112924,1
streamspot:g371:n6390,1,0.48910332,1
streamspot:g371:n6525,1,0.5087224,1
streamspot:g371:n6587,1,0.52158475,1
streamspot:g371:n6745,1,0.5209209,1
streamspot:g371:n6770,1,0.52178836,1
streamspot:g371:n6960,1,0.4991484,1
streamspot:g371:n7028,1,0.4956303,1
streamspot:g371:n7213,1,0.49248806,1
streamspot:g371:n722,1,0.54373974,1
streamspot:g371:n7357,1,0.49007857,1
streamspot:g371:n7412,1,0.48843685,1
streamspot:g371:n7732,1,0.49208438,1
streamspot:g371:n7746,1,0.49113372,1
streamspot:g371:n7850,1,0.52060294,1
streamspot:g371:n7854,1,0.48721987,1
streamspot:g371:n787,1,0.54008335,1
streamspot:g371:n7932,1,0.4956578,1
streamspot:g371:n8059,1,0.48929623,1
streamspot:g371:n8200,1,0.48533648,1
streamspot:g371:n8564,1,0.48123962,1
streamspot:g371:n8729,1,0.47870663,1
streamspot:g371:n8857,1,0.47669587,1
streamspot:g384:n0,1,0.5224192,1
streamspot:g384:n1253,1,0.542708,1
streamspot:g384:n1442,1,0.53870577,1
streamspot:g384:n1516,1,0.5358939,1
streamspot:g384:n1612,1,0.53344095,1
streamspot:g384:n2009,1,0.5301039,1
streamspot:g384:n2058,1,0.5284052,1
streamspot:g384:n2134,1,0.5209209,1
streamspot:g384:n2175,1,0.5266669,1
streamspot:g384:n2185,1,0.52543324,1
streamspot:g384:n2283,1,0.5223009,1
streamspot:g384:n2324,1,0.50646645,1
streamspot:g384:n2353,1,0.52351725,1
streamspot:g384:n2471,1,0.508096,1
streamspot:g384:n2477,1,0.5477866,1
streamspot:g384:n2526,1,0.540179,1
streamspot:g384:n2545,1,0.53579587,1
streamspot:g384:n2628,1,0.5323499,1
streamspot:g384:n2646,1,0.52985585,1
streamspot:g384:n2896,1,0.51470643,1
streamspot:g384:n3261,1,0.5253174,1
streamspot:g384:n3267,1,0.50945604,1
streamspot:g384:n3281,1,0.52357954,1
streamspot:g384:n3347,1,0.5209209,1
streamspot:g384:n3460,1,0.52173287,1
streamspot:g384:n3464,1,0.50652593,1
streamspot:g384:n3526,1,0.53253275,1
streamspot:g384:n3540,1,0.50457966,1
streamspot:g384:n3765,1,0.53839016,1
streamspot:g384:n3773,1,0.5218583,1
streamspot:g384:n4233,1,0.5181881,1
streamspot:g384:n4234,1,0.5170591,1
streamspot:g384:n4344,1,0.51560694,1
streamspot:g384:n4389,1,0.5145279,1
streamspot:g384:n4404,1,0.52396244,1
streamspot:g384:n4724,1,0.5218583,1
streamspot:g384:n4838,1,0.5209209,1
streamspot:g384:n506,1,0.5584467,1
streamspot:g384:n5628,1,0.5269043,1
streamspot:g384:n5872,1,0.5313163,1
streamspot:g384:n6,1,0.5549681,1
streamspot:g384:n6076,1,0.5003132,1
streamspot:g384:n6126,1,0.5108907,1
streamspot:g384:n6279,1,0.5095385,1
streamspot:g384:n6470,1,0.5081015,1
streamspot:g384:n6592,1,0.52056986,1
streamspot:g384:n6775,1,0.52056986,1
streamspot:g384:n6785,1,0.5220434,1
streamspot:g384:n7,1,0.5012919,1
streamspot:g384:n7154,1,0.5011957,1
streamspot:g384:n7184,1,0.49802592,1
streamspot:g384:n7246,1,0.49557045,1
streamspot:g384:n7334,1,0.49346507,1
streamspot:g384:n7442,1,0.4915762,1
streamspot:g384:n7517,1,0.49006498,1
streamspot:g384:n7835,1,0.49642915,1
streamspot:g384:n7852,1,0.5207389,1
streamspot:g384:n826,1,0.54911757,1
streamspot:g384:n8335,1,0.49826452,1
streamspot:g384:n8448,1,0.4924204,1
streamspot:g384:n8526,1,0.48901328,1
streamspot:g463:n0,0,0.5217464,1
streamspot:g463:n1206,0,0.53932756,1
streamspot:g463:n1809,0,0.53485805,1
streamspot:g463:n2080,0,0.5320822,1
streamspot:g463:n2241,0,0.519666,1
streamspot:g463:n2283,0,0.5223009,1
streamspot:g463:n2302,0,0.5167612,1
streamspot:g463:n2314,0,0.53627795,1
streamspot:g463:n2376,0,0.54873884,1
streamspot:g463:n2378,0,0.50129557,1
streamspot:g463:n2503,0,0.5112295,1
streamspot:g463:n2509,0,0.5408208,1
streamspot:g463:n2706,0,0.50690573,1
streamspot:g463:n2748,0,0.5044047,1
streamspot:g463:n2797,0,0.5353232,1
streamspot:g463:n2826,0,0.50221807,1
streamspot:g463:n3032,0,0.49974233,1
streamspot:g463:n3089,0,0.5310564,1
streamspot:g463:n3131,0,0.4980168,1
streamspot:g463:n326,0,0.5611121,1
streamspot:g463:n3302,0,0.49614593,1
streamspot:g463:n3412,0,0.5275499,1
streamspot:g463:n3585,0,0.5063368,1
streamspot:g463:n3588,0,0.5015084,1
streamspot:g463:n3593,0,0.49451888,1
streamspot:g463:n3624,0,0.52516246,1
streamspot:g463:n3639,0,0.5209209,1
streamspot:g463:n4285,0,0.5214719,1
streamspot:g463:n4346,0,0.4980112,1
streamspot:g463:n436,0,0.55282396,1
streamspot:g463:n4536,0,0.5218583,1
streamspot:g463:n4626,0,0.51739067,1
streamspot:g463:n4691,0,0.5298573,1
streamspot:g463:n4834,0,0.52195746,1
streamspot:g463:n4894,0,0.52621347,1
streamspot:g463:n499,0,0.54799783,1
streamspot:g463:n5030,0,0.5192988,1
streamspot:g463:n517,0,0.5446819,1
streamspot:g463:n5957,0,0.5218583,1
streamspot:g463:n5958,0,0.5160922,1
streamspot:g463:n6115,0,0.5148706,1
streamspot:g463:n6418,0,0.5127083,1
streamspot:g463:n6438,0,0.48880482,1
streamspot:g463:n6450,0,0.48817056,1
streamspot:g463:n6457,0,0.5116854,1
streamspot:g463:n6584,0,0.5103971,1
streamspot:g463:n6738,0,0.5223284,1
streamspot:g463:n6804,0,0.51369387,1
streamspot:g463:n6948,0,0.5208112,1
streamspot:g463:n6990,0,0.52195746,1
streamspot:g463:n7000,0,0.5209209,1
streamspot:g463:n7235,0,0.50312716,1
streamspot:g463:n7484,0,0.4971462,1
streamspot:g463:n7617,0,0.4938118,1
streamspot:g463:n7803,0,0.49252042,1
streamspot:g463:n7871,0,0.4912879,1
streamspot:g463:n8137,0,0.50918543,1
streamspot:g463:n8305,0,0.5209209,1
streamspot:g463:n8377,0,0.5076805,1
streamspot:g463:n8395,0,0.5218583,1
streamspot:g463:n8534,0,0.49453312,1
streamspot:g463:n8706,0,0.48259443,1
streamspot:g567:n0,0,0.52158475,1
streamspot:g567:n1131,0,0.5366629,1
streamspot:g567:n1332,0,0.53411967,1
streamspot:g567:n1449,0,0.5321438,1
streamspot:g567:n1533,0,0.53047526,1
streamspot:g567:n1869,0,0.5280149,1
streamspot:g567:n2022,0,0.5263647,1
streamspot:g567:n2202,0,0.5247664,1
streamspot:g567:n2283,0,0.5224896,1
streamspot:g567:n2289,0,0.51827985,1
streamspot:g567:n2307,0,0.50563633,1
streamspot:g567:n2355,0,0.51755935,1
streamspot:g567:n2362,0,0.5121559,1
streamspot:g567:n2506,0,0.5499385,1
streamspot:g567:n2587,0,0.5148037,1
streamspot:g567:n279,0,0.5604955,1
streamspot:g567:n290,0,0.55260545,1
streamspot:g567:n2995,0,0.5406578,1
streamspot:g567:n3035,0,0.50567615,1
streamspot:g567:n315,0,0.5478876,1
streamspot:g567:n3202,0,0.5027054,1
streamspot:g567:n3203,0,0.5356968,1
streamspot:g567:n3294,0,0.50031656,1
streamspot:g567:n3526,0,0.5069999,1
streamspot:g567:n3553,0,0.5319318,1
streamspot:g567:n3710,0,0.52818936,1
streamspot:g567:n4155,0,0.5218583,1
streamspot:g567:n4379,0,0.5218583,1
streamspot:g567:n4380,0,0.5312121,1
streamspot:g567:n4822,0,0.5217385,1
streamspot:g567:n4836,0,0.52170867,1
streamspot:g567:n4924,0,0.52523065,1
streamspot:g567:n5259,0,0.5173227,1
streamspot:g567:n5358,0,0.5132501,1
streamspot:g567:n5474,0,0.5101244,1
streamspot:g567:n5666,0,0.5072263,1
streamspot:g567:n5722,0,0.5052974,1
streamspot:g567:n5731,0,0.5038236,1
streamspot:g567:n585,0,0.5434887,1
streamspot:g567:n5901,0,0.5228757,1
streamspot:g567:n5969,0,0.5211232,1
streamspot:g567:n6,0,0.5236416,1
streamspot:g567:n616,0,0.5407919,1
streamspot:g567:n6301,0,0.4950374,1
streamspot:g567:n6496,0,0.5193785,1
streamspot:g567:n6522,0,0.51800203,1
streamspot:g567:n6545,0,0.51678044,1
streamspot:g567:n6846,0,0.52281284,1
streamspot:g567:n6930,0,0.5153263,1
streamspot:g567:n6960,0,0.52056986,1
streamspot:g567:n7151,0,0.5220434,1
streamspot:g567:n7193,0,0.5218909,1
streamspot:g567:n7485,0,0.5002945,1
streamspot:g567:n7520,0,0.4956448,1
streamspot:g567:n7698,0,0.49220747,1
streamspot:g567:n7894,0,0.48945656,1
streamspot:g567:n8176,0,0.49711582,1
streamspot:g567:n8640,0,0.4907741,1
streamspot:g567:n8766,0,0.51156014,1
streamspot:g567:n8805,0,0.5270571,1
streamspot:g5:n0,0,0.5216425,1
streamspot:g5:n1233,0,0.53918326,1
streamspot:g5:n1441,0,0.53632826,1
streamspot:g5:n1485,0,0.5344346,1
streamspot:g5:n1609,0,0.5324629,1
streamspot:g5:n1664,0,0.53093004,1
streamspot:g5:n1701,0,0.5296011,1
streamspot:g5:n2124,0,0.5209209,1
streamspot:g5:n2137,0,0.5523921,1
streamspot:g5:n2283,0,0.52158475,1
streamspot:g5:n2298,0,0.5242704,1
streamspot:g5:n2334,0,0.5509852,1
streamspot:g5:n2351,0,0.5436794,1
streamspot:g5:n2403,0,0.5180783,1
streamspot:g5:n2724,0,0.5378232,1
streamspot:g5:n2741,0,0.5347588,1
streamspot:g5:n2800,0,0.51282454,1
streamspot:g5:n2981,0,0.531428,1
streamspot:g5:n3038,0,0.50936615,1
streamspot:g5:n3244,0,0.5284525,1
streamspot:g5:n3314,0,0.5062648,1
streamspot:g5:n3585,0,0.5041811,1
streamspot:g5:n3639,0,0.5209209,1
streamspot:g5:n3661,0,0.539855,1
streamspot:g5:n3743,0,0.501377,1
streamspot:g5:n4085,0,0.50017315,1
streamspot:g5:n4087,0,0.49921066,1
streamspot:g5:n4123,0,0.49745303,1
streamspot:g5:n4210,0,0.4931442,1
streamspot:g5:n4300,0,0.52377605,1
streamspot:g5:n4411,0,0.5218582,1
streamspot:g5:n4842,0,0.5207389,1
streamspot:g5:n4993,0,0.52995497,1
streamspot:g5:n5027,0,0.52347124,1
streamspot:g5:n5856,0,0.5159991,1
streamspot:g5:n5907,0,0.5218583,1
streamspot:g5:n6057,0,0.4965348,1
streamspot:g5:n6174,0,0.5180427,1
streamspot:g5:n6185,0,0.51694655,1
streamspot:g5:n6460,0,0.51492697,1
streamspot:g5:n6486,0,0.5139641,1
streamspot:g5:n650,0,0.5593965,1
streamspot:g5:n6638,0,0.5223284,1
streamspot:g5:n666,0,0.5516824,1
streamspot:g5:n6713,0,0.5086993,1
streamspot:g5:n6831,0,0.52170867,1
streamspot:g5:n7063,0,0.50246775,1
streamspot:g5:n7135,0,0.49935186,1
streamspot:g5:n7209,0,0.49701786,1
streamspot:g5:n7393,0,0.49460876,1
streamspot:g5:n7428,0,0.49317205,1
streamspot:g5:n7476,0,0.49186835,1
streamspot:g5:n7619,0,0.4903017,1
streamspot:g5:n771,0,0.5467462,1
streamspot:g5:n7724,0,0.49821627,1
streamspot:g5:n8030,0,0.5257034,1
streamspot:g5:n8120,0,0.49177176,1
streamspot:g5:n971,0,0.54272854,1
